unique_code,species_acronym,toughness,chl_ug_cm2,fresh_weight_g,dry_weight_g
AE-MT1-P38,AE,4.465,20.51096825768238,0.729,0.22
AE-MT1-P66,AE,1.7149999999999999,18.629425675828447,0.599,0.086
AE-MT2-P52,AE,NA,29.431224180325266,NA,NA
AE-MT2-P67,AE,1.8475000000000001,19.102910209915564,0.284,0.049
AE-MT2-P90,AE,4.2,37.55888071442606,4.35,0.296
AE-MT3-P65,AE,2.8875,34.72533629236238,2.189,0.725
AE-MT4-P62,AE,2.8025,32.15234307986405,1.698,0.557
AE-MT5-P56,AE,NA,20.958840561871853,NA,NA
AE-MT5-P64,AE,10.155,25.16905880375729,5.65,2.39
BG-MT1-P100,BG,2.385,30.675512415916476,1.235,0.368
BG-MT1-P15,BG,2.3775,24.636464175976823,3.78,1.128
BG-MT1-P24,BG,1.8125000000000002,23.950500273824517,0.197,0.63
BG-MT1-P25,BG,1.69,24.85916115512613,0.115,0.02
BG-MT1-P3,BG,2.2025,36.93969260417911,3.204,1
BG-MT1-P37,BG,1.9525000000000001,25.452598884048832,0.153,0.03
BG-MT1-P39,BG,2.2824999999999998,18.500397969642737,1.488,0.418
BG-MT1-P46,BG,1.72,22.446242018437044,1.756,0.528
BG-MT1-P66,BG,2.7975,48.69299564055483,1.707,0.516
BG-MT1-P67,BG,1.9474999999999998,34.34540206646288,2.417,0.567
BG-MT1-P72,BG,2.0575,8.44724936598778,0.207,0.069
BG-MT1-P8,BG,1.88,24.825747043329066,0.568,0.165
BG-MT1-P81,BG,2.5275,29.272877759539305,1.698,0.465
BG-MT1-P83,BG,1.83,48.32402548788852,2.212,0.77
BG-MT1-P94,BG,4.93,32.19035557635539,3.583,0.446
BG-MT1-P97,BG,2.4050000000000002,33.807230653898074,0.173,0.053
BG-MT2-P34,BG,1.7874999999999999,25.87350547265551,0.116,0.038
BG-MT2-P5,BG,1.985,15.879586630520249,0.407,0.089
BG-MT2-P59,BG,1.9999999999999998,44.39626073079327,1.657,0.548
BG-MT2-P62,BG,2.1999999999999997,34.83136387110326,1.02,0.39
BG-MT2-P78,BG,2.2199999999999998,43.91219635319409,0.966,0.283
BG-MT2-P79,BG,2.1825,19.110485865308444,1.03,0.33
BG-MT2-P88,BG,1.8325,23.99787151968311,1.939,0.572
BG-MT2-P9,BG,1.9325,23.684132404396145,0.308,0.055
BG-MT2-P92,BG,1.62,27.535713295007046,3.43,0.988
BG-MT3-P15,BG,3.5,30.253747387453494,1.887,0.497
BG-MT3-P16,BG,1.9999999999999998,47.134387478921326,0.49,0.173
BG-MT3-P21,BG,1.99,33.31450329051778,1.307,0.336
BG-MT3-P22,BG,2.6550000000000002,37.182167331294536,1.949,0.619
BG-MT3-P31,BG,1.7725,41.36451419566446,2.376,0.677
BG-MT3-P32,BG,2.485,40.627832877921406,2.989,0.79
BG-MT3-P37,BG,2.015,19.678065321051946,3.36,0.89
BG-MT3-P38,BG,1.8599999999999999,7.088965753031844,0.104,0.035
BG-MT3-P40,BG,2.0075000000000003,15.583866368635059,1.02,0.29
BG-MT3-P55,BG,2.065,27.804816037799206,1.196,0.37
BG-MT3-P66,BG,1.1825,25.49160536168442,1.667,0.307
BG-MT3-P70,BG,1.7774999999999999,17.12021355912331,0.764,0.246
BG-MT3-P80,BG,1.6800000000000002,25.754116919404094,0.329,0.053
BG-MT4-P13,BG,1.6225,18.009754095556367,0.276,0.045
BG-MT4-P2,BG,1.5200000000000002,22.38377131780762,0.165,0.3
BG-MT4-P24,BG,2.1574999999999998,23.16009186453085,0.811,0.232
BG-MT4-P4,BG,3.1174999999999997,34.316462292869076,1.784,0.58
BG-MT4-P41,BG,1.69,15.104118991508658,0.215,0.03
BG-MT4-P57,BG,2.6275,37.75148423613485,1.62,0.506
BG-MT4-P9,BG,1.6925,26.291439444841277,0.376,0.07
BG-MT5-P1,BG,2.4375,22.369154491820712,2.07,0.698
BG-MT5-P43,BG,2.9575000000000005,56.53062461999779,1.828,0.578
BG-MT5-P45,BG,1.6075,16.85307050968244,0.227,0.031
BG-MT5-P48,BG,3,28.238680484239374,2.535,0.763
BG-MT5-P69,BG,2.5775,44.23743346553164,2.48,0.758
BG-MT5-P88,BG,1.805,15.507741892253906,0.136,0.058
BU-MT1-P1,BU,2.5124999999999997,6.488217019026028,0.26,0.098
BU-MT1-P10,BU,2.165,0.5980883738789959,0.117,0.052
BU-MT1-P23,BU,4.295,13.265761545588466,2.136,0.775
BU-MT1-P25,BU,2.5975,23.537679092085842,0.82,0.222
BU-MT1-P27,BU,2.8575,38.045148863759366,2.4,0.199
BU-MT1-P30,BU,3.6450000000000005,21.147938492092777,0.467,0.156
BU-MT1-P41,BU,2.6325,21.66582938372665,0.18,0.228
BU-MT1-P53,BU,1.5150000000000001,26.244519388308113,0.184,0.042
BU-MT1-P70,BU,2.8825000000000003,4.14762139947222,1.07,0.44
BU-MT2-P12,BU,2.6174999999999997,9.661075229635077,0.683,0.272
BU-MT2-P22,BU,2.685,12.892942752410692,0.278,0.087
BU-MT2-P24,BU,2.245,22.127224605728358,1.422,0.4
BU-MT2-P26,BU,3.7075,6.9143744541812255,0.665,0.224
BU-MT2-P46,BU,4.484999999999999,22.941776886959115,2.198,0.672
BU-MT2-P51,BU,3.2875,18.527437701353982,1.252,0.385
BU-MT2-P7,BU,2.1625,30.717974895719287,1.152,0.327
BU-MT3-P11,BU,2.545,17.94333442619064,0.19,0.059
BU-MT3-P14,BU,4.2075,22.03450541238603,0.375,0.121
BU-MT3-P21,BU,2.6725,7.15183550278091,0.505,0.128
BU-MT3-P31,BU,2.9175,25.482788658202978,1.939,0.668
BU-MT3-P37,BU,2.48,23.911329928744145,0.819,0.213
BU-MT3-P54,BU,2.8574999999999995,8.119282824425602,0.667,0.198
BU-MT3-P74,BU,2.6725,23.871178490832325,0.806,0.228
BU-MT4-P14,BU,3.1925,24.329677914727128,2.043,0.65
BU-MT4-P20,BU,3.0525,19.632465227498574,0.769,0.304
BU-MT4-P3,BU,2.6125,NA,0.984,0.278
BU-MT4-P37,BU,4.1625000000000005,39.30768079637478,1.552,0.462
BU-MT4-P4,BU,1.5,16.006272579285906,0.488,0.143
BU-MT4-P48,BU,3.5625,10.650170659626633,0.49,0.163
BU-MT4-P55,BU,2.34,21.532825282242598,0.854,0.264
BU-MT4-P61,BU,3.37,26.189145963687466,1.806,0.676
BU-MT4-P64,BU,2.7525000000000004,19.110485865308444,0.811,0.273
BU-MT4-P66,BU,2.7899999999999996,22.727404852500136,1.309,0.4
BU-MT4-P77,BU,2.715,4.799584162189471,0.168,0.175
BU-MT4-P78,BU,NA,27.601073129002067,NA,NA
BU-MT4-P8,BU,3.075,26.10421022114656,0.925,0.372
BU-MT5-P14,BU,3.5549999999999997,9.576311009045142,2.939,0.955
BU-MT5-P20,BU,3.67,21.976836840980827,2.216,0.715
BU-MT5-P21,BU,2.5175,17.979651569915152,1.03,0.3
BU-MT5-P30,BU,2.2075,20.93734675631383,0.537,0.147
BU-MT5-P32,BU,2.1374999999999997,30.78506423087304,0.635,0.186
BU-MT5-P35,BU,6.7125,16.897405718381215,1.109,0.281
BU-MT5-P39,BU,2.465,25.052280224939942,1.02,0.298
BU-MT5-P48,BU,2.3800000000000003,34.55065733187559,0.598,0.18
BU-MT5-P56,BU,3.16,30.001510966254557,1.594,0.448
BU-MT5-P6,BU,2.4975,30.1448258634398,0.567,0.058
CH-MT1-P24,CH,1.31,24.112684104027053,2.516,0.753
CH-MT1-P30,CH,1.3825000000000003,43.9326298030317,1.27,0.322
CH-MT2-P14,CH,1.9224999999999999,42.76340657810451,1.125,0.32
CH-MT2-P28,CH,1.7950000000000002,61.83911013068113,2.796,0.869
CH-MT2-P43,CH,1.88,27.50619564367141,3.77,1
CH-MT2-P47,CH,1.31,44.35682763134461,1.976,0.528
CH-MT2-P59,CH,1.9275,70.89305978756549,3.771,1.103
CH-MT2-P64,CH,2.23,25.92596508409671,15.656,4.257
CH-MT2-P66,CH,1.65,43.68154581640508,3.199,0.701
CH-MT2-P8,CH,2.57,46.8902276115203,9.25,2.463
CH-MT3-81,CH,1.3599999999999999,21.89507459497984,5.723,1.268
CH-MT3-P20,CH,0.885,19.28233915471123,0.122,0.122
CH-MT3-P3,CH,1.5575,55.90890813106985,2.697,0.982
CH-MT3-P59,CH,1.15,52.36136602230317,6.137,1.648
CH-MT3-P61,CH,1.63,24.97617616436776,1.454,0.238
CH-MT3-P69,CH,1.4,33.537140730057416,3.23,1.07
CH-MT4-P15,CH,1.315,21.584398702185695,3.257,1.02
CH-MT4-P44,CH,1.165,14.76853712417975,1.333,0.255
CH-MT4-P61,CH,1.07,25.052342348786755,3.317,0.72
CH-MT4-P70,CH,4.6175,18.998413214161435,0.95,0.168
CH-MT4-P77,CH,1.9224999999999999,41.89227097796133,6.52,1.956
CH-MT4-P83,CH,1.1675,37.07265551822613,1.302,0.377
CH-MT4-P84,CH,1.6174999999999997,41.58349071544478,1.704,0.573
CH-MT4-P87,CH,2.3225000000000002,56.42572359111843,8.08,2.131
CH-MT4-P9,CH,1.4525000000000001,31.14381158253388,1.873,0.467
CH-MT4-P94,CH,1.7575000000000003,91.06324769425783,2.465,0.7
CH-MT4-P96,CH,1.9125,52.73063472940238,1.55,0.459
CH-MT5-P1,CH,1.74,11.35751861913186,2.548,0.729
CH-MT5-P16,CH,1.3525,32.274795547764136,13.158,0.203
CH-MT5-P25,CH,1.5825,41.753518546374195,5.242,1.35
CH-MT5-P39,CH,2.895,35.446915642078004,4.308,1.198
CH-MT5-P58,CH,1.7799999999999998,30.72657132175484,6.43,1.495
CH-MT5-P6,CH,1.7825,10.803536489660932,0.501,0.105
CH-MT5-P85,CH,2.225,27.401255072745386,12.35,3.111
CP-MT1-P14,CG,3.9274999999999998,9.189230788149569,1.222,0.408
CP-MT1-P17,CG,3.1425,33.484697330238816,2.832,1.155
CP-MT1-P20,CG,3.7624999999999997,14.20230467526822,2.82,0.855
CP-MT1-P23,CG,4.3,18.493903412452376,0.836,0.208
CP-MT1-P28,CG,4.3925,26.954566148322755,2.135,0.598
CP-MT1-P37,CG,4.26,15.96051104838266,1.477,0.438
CP-MT1-P40,CG,3.2175000000000002,35.84160261444936,1.477,0.478
CP-MT1-P46,CG,4.6575,34.67208205192492,3.207,1.132
CP-MT1-P49,CG,4.5225,17.514214661257924,2.49,0.593
CP-MT1-P54,CG,3.005,24.82977541967096,3.686,1.492
CP-MT2-P11,CG,4.67,21.54048988145793,3.595,1.02
CP-MT2-P15,CG,2.945,3.4631905096246296,0.592,0.189
CP-MT2-P3,CG,2.58,6.7200788465750225,0.196,0.063
CP-MT2-P31,CG,4.71,28.59172716791482,1.823,0.61
CP-MT2-P33,CG,4.105,21.663495432966258,2.65,0.938
CP-MT2-P40,CG,3.0225,23.972700783371,0.779,0.238
CP-MT2-P47,CG,5.7175,25.4961379374494,2.135,0.65
CP-MT2-P55,CG,3.645,9.56706763115627,1.835,0.466
CP-MT2-P6,CG,4.6775,16.94881020893886,2.703,0.955
CP-MT2-P60,CG,4.0225,14.068252479581844,2.234,0.767
CP-MT2-P65,CG,6.4375,15.127309156169304,3.104,1.109
CP-MT2-P68,CG,3.2525,14.106815671999353,0.771,0.221
CP-MT2-P9,CG,3.9475,7.307260763958027,1.509,0.527
CP-MT3-P16,CG,4.2,36.48872677404959,4.59,1.578
CP-MT3-P19,CG,3.8525,35.37173131679002,0.681,0.199
CP-MT3-P29,CG,3.0125,24.199356221272787,2.866,1
CP-MT3-P38,CG,3.4425,12.107037694197535,1.273,0.361
CP-MT3-P39,CG,3.6325000000000003,35.02736616433462,1.309,0.468
CP-MT3-P4,CG,4.4350000000000005,21.026349630145496,2.717,0.912
CP-MT3-P52,CG,3.2399999999999998,5.5124542693934755,0.164,0.082
CP-MT3-P60,CG,NA,17.89675060804098,NA,NA
CP-MT4-P19,CG,7.244999999999999,10.671696783616206,3.17,1.167
CP-MT4-P36,CG,8.1325,11.145392097650044,3.251,1.167
CP-MT4-P47,CG,6.562500000000001,6.851776942737871,1.683,0.673
CP-MT4-P5,CG,9.6775,12.622191792748694,1.195,0.463
CP-MT4-P63,CG,1.9449999999999998,20.78893669458639,0.425,0.117
CP-MT5-P13,CG,4.2675,15.947617693975985,2.576,1.03
CP-MT5-P16,CG,4.325,4.887668576809661,1.393,0.538
CP-MT5-P21,CG,3.795,17.82759458534666,1.295,0.496
CP-MT5-P22,CG,4.8075,36.0420218557527,1.803,0.656
CP-MT5-P32,CG,1.57,19.641171767831267,0.46,0.128
CP-MT5-P58,CG,4.8675,19.343100871041102,2.175,0.6465000000000001
CP-MT5-P59,CG,3.0775,20.82539581146873,0.339,0.078
CP-MT5-P6,CG,1.9875,19.90647903142229,1.836,0.582
CP-MT5-P66,CG,4.68,27.422663646472373,0.57,0.466
CP-MT5-P9,CG,2.7325,33.22146555364005,0.902,0.283
EA-MT1-P1,EA,4.175,16.064759251396197,1.652,0.665
EA-MT1-P10,EA,4.7125,24.331490984856917,4.713,1.605
EA-MT1-P16,EA,4.952500000000001,12.1551580092824,1.05,0.381
EA-MT1-P22,EA,5.305000000000001,31.033111899690006,2.794,1.03
EA-MT1-P26,EA,4.4975000000000005,7.846069049045987,1.79,0.821
EA-MT1-P29,EA,4.632499999999999,2.845791540489469,2.271,1.1
EA-MT1-P32,EA,5.0675,20.636140121561397,2.277,0.956
EA-MT1-P33,EA,4.92,47.55368775530796,1.225,0.205
EA-MT1-P56,EA,4.1175,31.349347453417778,0.774,0.224
EA-MT1-P59,EA,4.807500000000001,18.95539830941358,1.166,0.509
EA-MT1-P62,EA,3.2675,32.30109487274887,1.058,0.35
EA-MT1-P66,EA,5.1875,16.282423517310797,2.461,0.935
EA-MT1-P70,EA,5.76,27.107858512091255,2.502,0.97
EA-MT1-P72,EA,5.697500000000001,12.766322719629136,1.713,0.71
EA-MT1-P82,EA,4.699999999999999,13.961848073621173,2.715,1.05
EA-MT1-P84,EA,4.202500000000001,53.83560492258465,1.632,0.595
EA-MT1-P94,EA,5.04,17.731734511360862,3.74,1.61
EA-MT1-P98,EA,5.745000000000001,11.7493740930028,0.485,0.18
EA-MT2-P1,EA,4.79,5.982147110001026,4.11,1.813
EA-MT2-P12,EA,3.3150000000000004,27.160347708546446,1.772,0.609
EA-MT2-P13,EA,5.359999999999999,15.915478383762288,2.556,0.99
EA-MT2-P15,EA,5.4,9.893468806156337,1.843,0.735
EA-MT2-P2,EA,4.04,33.535723112646764,2.286,0.857
EA-MT2-P23,EA,3.77,26.807783456851006,1.002,0.37
EA-MT2-P26,EA,5.3774999999999995,16.02525409327755,1.305,0.494
EA-MT2-P33,EA,4.825,22.19373135335554,4.08,1.71
EA-MT2-P34,EA,2.3674999999999997,27.74302545543293,0.802,0.171
EA-MT2-P35,EA,4.8725000000000005,18.035949343006855,2.207,0.909
EA-MT2-P38,EA,4.1325,8.987207494611912,1.364,0.6
EA-MT2-P48,EA,4.8375,17.752789394609223,1.588,0.646
EA-MT2-P55,EA,4.1725,35.32662011849477,0.997,0.408
EA-MT2-P7,EA,1.935,4.27553508554029,1.247,0.253
EA-MT3-P1,EA,6.87,24.698524963442953,1.475,0.537
EA-MT3-P12,EA,4.5175,37.7105025385278,1.327,0.503
EA-MT3-P13,EA,3.935,31.273199239165578,1.07,0.328
EA-MT3-P21,EA,4.4174999999999995,25.675666954072543,1.07,0.396
EA-MT3-P35,EA,4.7075,26.088366532809818,3.33,1.05
EA-MT3-P37,EA,6.7325,28.946516584972265,6.06,0.824
EA-MT3-P5,EA,3.4524999999999997,33.0373155770137,0.322,0.274
EA-MT3-P55,EA,4.57,20.53915125765487,2.281,0.979
EA-MT3-P9,EA,3.8775000000000004,24.667416250205243,2.051,0.752
EA-MT4-P26,EA,4.4,10.563382196474269,2.186,0.798
EA-MT4-P32,EA,4.202500000000001,27.770378813693377,1.783,0.63
EA-MT4-P53,EA,4.3475,11.57815455690781,1.46,0.638
EA-MT4-P57,EA,3.8800000000000003,10.782195830318019,2.383,0.93
EA-MT4-P64,EA,3.925,22.962517748743743,0.5,0.146
EA-MT5-P13,EA,4.9725,21.638423421802653,1.487,0.631
EA-MT5-P14,EA,5.2875,24.74900814329663,1.03,0.386
EA-MT5-P18,EA,4.31,18.013082525223627,0.645,0.296
EA-MT5-P19,EA,4.475,36.342945335872045,1.849,0.616
EA-MT5-P21,EA,4.859999999999999,7.732529503946665,0.303,0.11
EA-MT5-P23,EA,4.779999999999999,37.62814501881059,0.536,0.185
EA-MT5-P27,EA,NA,36.60207231527901,NA,NA
EA-MT5-P31,EA,4.83,16.366675899046612,2,0.86
EA-MT5-P32,EA,5.0875,15.356242107177888,0.684,0.275
EA-MT5-P41,EA,4.0925,25.350048373120927,1.899,0.742
EA-MT5-P43,EA,5.0225,8.009492008355807,1.142,0.525
EA-MT5-P47,EA,4.98,18.844103218218137,3.552,1.542
EA-MT5-P62,EA,3.84,13.638470287182146,1.169,0.417
EA-MT5-P71,EA,5,12.912137776594777,4.846,2.149
EA-MT5-P77,EA,5.4375,11.461278224189174,2.04,0.897
EA-MT5-P79,EA,4.890000000000001,19.379146686328482,1.726,0.688
EA-MT5-P82,EA,4.305,19.306903598833117,1.616,0.754
EA-MT5-P85,EA,3.3425,29.2530917415511,0.746,0.265
IS-MT1-P13,IS,3.42,25.367073226698494,1.455,0.488
IS-MT1-P17,IS,3.9225000000000003,4.004723532871203,0.885,0.347
IS-MT1-P21,IS,5.6025,30.39150407719546,1.82,0.653
IS-MT1-P24,IS,4.0649999999999995,24.289164701837002,0.744,0.217
IS-MT1-P26,IS,5.6899999999999995,14.20230467526822,1.173,0.508
IS-MT1-P29,IS,3.08,5.739985301560952,1.3,0.346
IS-MT1-P32,IS,1.995,19.06812857469867,0.97,0.275
IS-MT1-P33,IS,5.455,38.878160605602474,2.301,1.02
IS-MT1-P35,IS,3.6375,25.562657347457552,0.683,0.35
IS-MT1-P38,IS,3.8225,14.96663457966446,1.317,0.53
IS-MT1-P4,IS,4.55,21.09171208595056,2.64,1.204
IS-MT1-P43,IS,3.3925,20.659142805659176,1.053,0.331
IS-MT1-P44,IS,4.695,19.074076857170994,2.188,0.846
IS-MT1-P54,IS,4.37,11.728443923238974,2.393,0.931
IS-MT1-P57,IS,2.4000000000000004,7.738733912639831,2.699,0.69
IS-MT1-P64,IS,3.7524999999999995,12.535461488935379,1.365,0.433
IS-MT1-P7,IS,4.0575,20.21640155254846,3.144,1.448
IS-MT2-P20,IS,2.54,16.83978360994938,0.458,0.109
IS-MT2-P23,IS,3.1925,18.42562661601692,1.207,0.528
IS-MT2-P8,IS,3.9899999999999998,15.764747225842754,0.704,0.278
IS-MT3-P19,IS,4.04,13.34897404794638,1.508,0.54
IS-MT3-P25,IS,3.36,14.402534230767746,2.196,0.68
IS-MT3-P36,IS,3.175,36.50101540386666,0.893,0.29
IS-MT3-P40,IS,4.115,37.61220757361703,1.425,0.637
IS-MT3-P41,IS,4.0975,32.45049824544057,0.968,0.416
IS-MT3-P42,IS,5.4225,13.87118208776405,1.741,0.78
IS-MT3-P46,IS,3.4025,34.85312582586337,0.84,0.261
IS-MT3-P49,IS,3.8100000000000005,7.364515843038266,0.597,0.182
IS-MT3-P52,IS,3.8425000000000002,21.56277167734749,1.698,0.702
IS-MT4-P18,IS,3.8025,12.107037694197535,1.07,0.406
IS-MT4-P19,IS,3.7474999999999996,26.4276150146968,1.57,0.55
IS-MT4-P2,IS,3.9000000000000004,39.565602427579655,1.513,0.702
IS-MT4-P21,IS,3.4175000000000004,32.7201771692093,1.29,0.52
IS-MT4-P33,IS,5.53,14.610647303537839,2.68,0.949
IS-MT4-P37,IS,3.5225,23.907582305537655,4.989,1.397
IS-MT4-P40,IS,3.4899999999999998,33.56954529123722,0.82,0.25
IS-MT4-P44,IS,4.262499999999999,25.140449862495185,1.254,0.487
IS-MT4-P51,IS,2.9725,7.518065170631999,0.169,0.089
IS-MT4-P56,IS,4.7625,47.37971242925549,3.193,1.254
IS-MT4-P62,IS,3.33,28.713720456867893,1.754,0.215
IS-MT4-P8,IS,5.0775,47.27792758354927,1.05,0.374
IS-MT5-P1,IS,4.782500000000001,32.76496142774224,1.07,0.512
IS-MT5-P18,IS,2.3325,27.095737685052324,0.134,0.045
IS-MT5-P26,IS,2.855,27.310293501384123,1.499,0.145
IS-MT5-P32,IS,3.04,26.259891861748038,3,0.204
IS-MT5-P36,IS,1.5925,33.133692768112326,0.882,0.04
IS-MT5-P50,IS,4.032500000000001,10.896826498719715,2.574,0.926
IS-MT5-P51,IS,4.735,20.32640082221665,2.879,1.376
IS-MT5-P52,IS,4.709999999999999,30.796925534737696,1.569,0.598
IS-MT5-P57,IS,4.285,26.931395918851095,1.525,0.482
IS-MT5-P68,IS,2.4050000000000002,37.832375296979436,0.672,0.228
IS-MT5-P82,IS,4.11,15.970765789816287,2.246,0.788
IS-MT5-P83,IS,4.2475,17.627708606237565,1.319,0.62
IS-MT5-P9,IS,4.347499999999999,28.198364437783532,3.08,1.18
IS-MT5-P90,IS,2.9675000000000002,19.949338632284203,0.391,0.128
MC-MT1-P21,MC,1.6724999999999999,12.68268936214136,0.364,0.072
MC-MT1-P29,MC,2.09,27.327325416078494,3.764,1.033
MC-MT1-P38,MC,1.46,23.93143910615626,0.64,0.133
MC-MT1-P52,MC,1.92,7.629360995524692,4.685,1.469
MC-MT1-P6,MC,1.3725,25.428348428417614,2.799,0.597
MC-MT1-P66,MC,2.2350000000000003,23.91592243893096,1.279,0.32
MC-MT1-P68,MC,3.1225,35.26131094923882,3.354,0.802
MC-MT1-P74,MC,2.2199999999999998,28.837449180861206,2.662,0.834
MC-MT1-P82,MC,3.6525,44.51859439133089,5.415,1.38
MC-MT1-P9,MC,2.3925,17.87887334791359,0.596,0.157
MC-MT2-P11,MC,1.5174999999999998,24.426153105235468,0.486,0.09
MC-MT2-P13,MC,1.63,22.676726435785355,6.314,1.863
MC-MT2-P2,MC,1.6025,25.567938114576105,0.422,0.089
MC-MT2-P24,MC,2.6775,20.218496745231015,3.939,1.168
MC-MT2-P36,MC,1.3775000000000002,NA,4.586,1.166
MC-MT2-P46,MC,2.5324999999999998,16.920375522524793,4.736,1.323
MC-MT2-P50,MC,2.5675,29.960751155931174,6.789,1.949
MC-MT2-P53,MC,2.025,27.91632496871039,0.703,0.161
MC-MT2-P57,MC,1.3925,26.90557283392639,0.534,0.098
MC-MT2-P59,MC,1.8425,39.537439567839925,1.686,0.484
MC-MT3-P13,MC,2.835,23.943241495940956,4.074,0.696
MC-MT3-P22,MC,1.515,19.527460967848832,3.314,0.738
MC-MT3-P26,MC,1.1575,17.093640712708545,1.75,0.415
MC-MT3-P27,MC,2.71,6.211860029753501,4.632,1.275
MC-MT3-P34,MC,1.3475000000000001,21.374267928942906,1.632,0.436
MC-MT3-P38,MC,2.4475000000000002,26.703729223735998,6.368,1.75
MC-MT3-P39,MC,1.64,37.534472134884574,5.314,1.376
MC-MT3-P59,MC,1.7850000000000001,18.484565143770514,7.002,1.374
MC-MT3-P6,MC,1.9875,22.690958363117087,0.929,0.171
MC-MT3-P63,MC,2.115,28.896508026095297,2.426,0.61
MC-MT3-P69,MC,1.32,20.293511440324778,4.403,1.03
PA-MT3-P100,PA,3.1475,29.006754781615783,0.386,0.147
PA-MT3-P38,PA,1.1325,26.05253292560786,1.838,0.471
PA-MT3-P43,PA,1.5074999999999998,25.90756981785131,1.818,0.268
PA-MT6-P1,PA,1.3074999999999999,10.71458142503296,1.494,0.378
PA-MT6-P14,PA,1.5499999999999998,23.88751681885498,1.899,0.495
PA-MT6-P16,PA,0.8875,18.85619587602308,0.162,0.016
PA-MT6-P23,PA,1.3675000000000002,7.694878299480314,2.999,0.568
PA-MT6-P3,PA,1.3325,24.802701826861036,2.802,0.738
PA-MT6-P30,PA,1.5549999999999997,36.163286748700145,1.657,0.404
PA-MT6-P33,PA,1.2775,16.374821941615124,1.315,0.358
PA-MT6-P47,PA,1.5375,18.924373794650197,1.553,0.222
PA-MT6-P6,PA,1.315,2.7807876604345836,2.282,0.518
PA-MT6-P65,PA,1.0175,18.259722858288775,1.535,0.308
PA-MT6-P68,PA,1.0750000000000002,23.50169862681777,1.77,0.373
PA-MT6-P69,PA,0.9175,16.841560887305782,1.433,0.336
PA-MT6-P73,PA,0.8400000000000001,16.553758851700252,0.569,0.105
PA-MT6-P92,PA,1.095,23.327487179489943,0.474,0.087
PA-MT7-P12,PA,1.6425,16.562519108545374,1.06,0.144
PA-MT7-P13,PA,1.1325,14.330977376847983,0.909,0.22
PA-MT7-P20,PA,1.4049999999999998,16.234781903854024,1.41,0.345
PA-MT7-P25,PA,1.275,16.116898659887823,2.18,0.537
PA-MT7-P32,PA,0.9525,12.18149413185554,0.657,0.082
PA-MT7-P34,PA,1.5,8.4279192766259,1.613,0.377
PA-MT7-P35,PA,1.35,24.262028301514626,1.374,0.2
PA-MT7-P37,PA,1.3399999999999999,18.479225987271874,0.666,0.168
PA-MT7-P47,PA,1.2175,13.467698792461462,1.777,0.329
PA-MT7-P50,PA,0.9425,20.189636853383355,1.606,0.313
PA-MT7-P54,PA,1.295,23.863668764078696,1.118,0.172
PA-MT7-P57,PA,NA,18.90353877042662,NA,NA
PA-MT7-P61,PA,1.1325,19.339354462993537,1.144,0.138
PA-MT7-P8,PA,1.2475,42.561407687725975,0.833,0.19
VB-MT1-P22,VB,1.3775,15.191139139798523,0.103,0.014
VB-MT1-P3,VB,0.9500000000000001,15.408093844302233,0.754,0.086
VB-MT1-P33,VB,2.7075,24.437076566202805,1.296,0.365
VB-MT1-P4,VB,2.1075,16.174687344844557,1.297,0.29
VB-MT1-P40,VB,1.7325,16.88866318551311,0.233,0.084
VB-MT1-P43,VB,2.8274999999999997,33.16323375567181,1.722,0.562
VB-MT1-P44,VB,1.5675,15.706016702514477,1.144,0.253
VB-MT1-P45,VB,2.1799999999999997,24.046615686381774,1.117,0.38
VB-MT1-P46,VB,2.9475,19.975675094243083,0.551,0.193
VB-MT1-P50,VB,1.5074999999999998,29.38577022140033,0.884,0.196
VB-MT2-P100,VB,2.1625,21.09287912764259,1.718,0.425
VB-MT2-P3,VB,1.4075,7.764810932441539,1.64,0.333
VB-MT2-P33,VB,1.4925,19.194156523529095,1.74,0.353
VB-MT2-P35,VB,1.03,11.17751203348857,1.663,0.315
VB-MT2-P45,VB,1.5074999999999998,20.391712823355846,0.152,0.03
VB-MT2-P54,VB,1.155,12.826979008056364,1.389,0.288
VB-MT2-P57,VB,1.495,27.804816037799206,1.211,0.291
VB-MT2-P62,VB,2.2075,14.294799419268232,1.674,0.406
VB-MT2-P63,VB,2.0675,21.91396663563698,1.698,0.505
VB-MT2-P65,VB,1.3775,12.784232397456304,1.159,0.278
VB-MT2-P68,VB,1.6549999999999998,9.160219782060889,0.617,0.118
VB-MT2-P7,VB,1.105,13.150180856421995,0.939,0.2
VB-MT2-P71,VB,1.4049999999999998,22.36819525309459,0.893,0.162
VB-MT2-P8,VB,1.6149999999999998,18.60451064114324,1.46,0.316
VB-MT3-P12,VB,1.145,18.26034287597767,0.233,0.027
VB-MT3-P25,VB,1.9000000000000001,12.197924038903114,1.336,0.308
VB-MT3-P37,VB,NA,32.21546096359261,1.949,0.641
VB-MT3-P38,VB,3.6550000000000002,15.418045634774844,0.279,0.08
VB-MT3-P43,VB,1.49,34.348002320457034,0.935,0.301
VB-MT3-P44,VB,2.125,10.859385783469502,1.979,0.601
VB-MT3-P45,VB,2.035,18.90533355789739,2.07,0.5
VB-MT3-P46,VB,2.2800000000000002,24.266856353525164,1.64,0.435
VB-MT3-P6,VB,1.275,20.551954030506202,0.555,0.078
VB-MT3-P63,VB,2.5575,29.753688021727392,1.169,0.323
VB-MT3-P93,VB,1.295,25.113537717710223,0.864,0.13
VB-MT4-P20,VB,2.76,20.843612539033572,1.969,0.528
VB-MT4-P21,VB,1.5375,24.516387544692922,1.35,0.251
VB-MT4-P27,VB,1.3850000000000002,18.182441445017577,0.25,0.038
VB-MT4-P35,VB,2.3825000000000003,20.067396973008258,1.03,0.284
VB-MT4-P4,VB,1.4425,9.17941875769268,1.303,0.236
VB-MT4-P46,VB,1.545,19.373275905831182,1.809,0.465
VB-MT4-P48,VB,1.9174999999999998,3.5691096882177007,0.83,0.252
VB-MT4-P49,VB,2.2575,18.958678902776562,1.136,0.326
VB-MT4-P6,VB,1.6949999999999998,20.814267358386022,0.495,0.067
VB-MT4-P7,VB,2.4074999999999998,27.338775000840243,1.08,0.342
VB-MT4-P70,VB,1.9224999999999999,25.670367188357716,0.761,0.168
VB-MT4-P9,VB,1.8475,22.39305325242631,0.88,0.135
VB-MT5-P10,VB,1.315,15.98590119863656,1.03,0.212
VB-MT5-P12,VB,2.02,25.86473994266734,1.523,0.33
VB-MT5-P14,VB,1.595,15.762009308192015,0.497,0.077
VB-MT5-P26,VB,NA,29.8361428546619,NA,NA
VB-MT5-P34,VB,1.6725,14.180836405965575,1.229,0.292
VB-MT5-P37,VB,2.1725,6.055866451241841,0.84,0.216
VB-MT5-P43,VB,1.5075,18.612534263685916,0.44,0.081
VB-MT5-P50,VB,1.42,12.062060891986114,1.969,0.508
VB-MT5-P54,VB,2.1225,19.823658243034444,1.606,0.404
VB-MT5-P58,VB,1.3225,23.728019056994462,0.497,0.067
VB-MT5-P59,VB,0.6925,12.037928340345008,1.485,0.372
VB-MT5-P6,VB,2.0524999999999998,23.678232093785716,1.888,0.443
VB-MT5-P71,VB,1.5,26.00675032715477,2,0.435
NA,BG,1.95859375,27.740611168937498,0.9540625,0.2325625
NA,BU,3.0679166666666666,26.230698300410612,1.0731111111111111,0.3020555555555556
NA,CG,4.601071428571428,25.531192865259268,1.7235714285714285,0.5247619047619048
NA,CH,1.5072500000000002,36.80953084773255,2.0605,0.48769999999999997
NA,EA,4.2156666666666665,24.588519165108924,1.5872666666666666,0.5452
NA,IS,3.53375,26.873181714388,1.1439375,0.3675625
NA,MC,1.764375,23.716199478143512,2.7629,0.625
NA,PA,1.1789285714285713,25.526380709852504,1.421857142857143,0.22678571428571428
NA,VB,1.4396428571428572,19.661859637779845,0.9897142857142857,0.20235714285714285
NA,NA,NA,NA,NA,NA
